fingerprint,rows,benign_rows,malware_rows
8c0bbca2fc7c1f1115a40cdbf6a30d4f1ccbeca47c440814fb036411f797b5f3,486,1,485
99aaa19447b4ccbfcb23d57fcd70550fe36aade405f7e0e5dfdfc255462c4752,704,1,703
cacc7f9f5a2dce8be715da752936079ef6765755b56ed4e80ad86a2ccd22962e,308,2,306
b9859d03c24946dc0d65651c7429c0798a91a2a183cad6426cc7ed9f72a67f77,27,11,16
472605a650fab7ee00eb29354a044c3cea9cfbc0f71f0f03ee6cc08cf7e41fcb,7,6,1
d528ff5d1357134d3bc4e01052688a48d0aa42daab9638fc1d3829989a3764f3,63,7,56
6dbd1805296bc96fb4aec9dbeb628397679fd06c5ce1bbc2a176268322e90bec,2,1,1
2d0703680e9c3f13c4a06d90b20014ff71cb1d8f0945b6dbe7f18796b09cba8b,12,5,7
1714ea08f377d3377b2cead6c7942314f346413d6aba4d5a5653199fd1b3d2c9,2,1,1
eadc49540011c16876c934d34b4d3f4cddbf7d044bfab991ab734a4be5be9742,16,2,14
df75333149a344e26b39279db395f3534322b0ceed05bda713c8c0c0f2948595,4,1,3
e16bd4a242e59d8db17d13292f3b9ba8725192a547904c75ddebef5c366ff12d,2,1,1
c5ae50c7192cfc4738b0a8ff3e45887f3b38de5fec538054f7db83da14e377a5,3,1,2
73a348154d277365e1e8bc6c816b67185eb31562e828626f2c149c244ffc9264,3,1,2
f3cb74e497dfc0d7cfddc47e13bd2a7b4b1e402a4bb389a562f48437581ca2db,2,1,1
