prefix_calls,epoch,training_loss,validation_threshold,validation_balanced_accuracy,validation_macro_f1,validation_roc_auc,validation_false_positive_rate,validation_malware_recall
5,1,0.6579810800937639,1.0,0.5,0.04396135265700483,0.6472806854162786,0.0,0.0
5,2,0.593491047972604,1.0,0.5,0.04396135265700483,0.7042425265412554,0.0,0.0
5,3,0.505602507782721,0.9207134246826172,0.5010593220338984,0.0461606315069923,0.7933448966287949,0.0,0.00211864406779661
5,4,0.4529146675178215,1.0,0.5,0.04396135265700483,0.814135546656733,0.0,0.0
5,5,0.4237740794098882,1.0,0.5,0.04396135265700483,0.8256949618178433,0.0,0.0
5,6,0.4124697925700251,1.0,0.5,0.04396135265700483,0.8305841404358354,0.0,0.0
5,7,0.3973915953103194,0.8960672616958618,0.5010593220338984,0.0461606315069923,0.8342393834978581,0.0,0.00211864406779661
5,8,0.39103709503590295,0.882652997970581,0.5013241525423728,0.04670910669997404,0.8369342521884895,0.0,0.0026483050847457626
5,9,0.3873478828727728,0.9013283252716064,0.5262851555224437,0.10590873649388424,0.841031849506426,0.01098901098901099,0.0635593220338983
5,10,0.3842746584358368,0.8808313608169556,0.5294631216241386,0.11177780440123157,0.8428565608120692,0.01098901098901099,0.06991525423728813
5,11,0.37779591302339505,0.8906075954437256,0.5294631216241386,0.11177780440123157,0.8434560672378469,0.01098901098901099,0.06991525423728813
5,12,0.36810310419374925,0.8829249143600464,0.5313169351834606,0.11517255827738092,0.8446870925684484,0.01098901098901099,0.0736228813559322
5,13,0.364494548747202,0.9006122946739197,0.5344949012851555,0.12094348688380462,0.8451469081765692,0.01098901098901099,0.07997881355932203
5,14,0.36685144431630023,0.9026898145675659,0.5374080368783759,0.12618040696379706,0.8491979418886199,0.01098901098901099,0.0858050847457627
5,15,0.36039001495210937,0.8964549899101257,0.5392618504376979,0.12948698276303003,0.8465088936487241,0.01098901098901099,0.08951271186440678
5,16,0.35865033045047984,0.8877251148223877,0.542969477556342,0.1360405057382788,0.847536203203576,0.01098901098901099,0.09692796610169492
5,17,0.3551515427084278,0.9040101766586304,0.5495902402682064,0.1475504142582851,0.8518462469733655,0.01098901098901099,0.11016949152542373
5,18,0.3564934911835585,0.8950462341308594,0.5422419212143789,0.1437963142982512,0.8476438815421866,0.02197802197802198,0.10646186440677965
5,19,0.35290970649180065,0.9007973074913025,0.5509813279940399,0.15869729959521653,0.8495762711864407,0.02197802197802198,0.1239406779661017
5,20,0.3514279496930576,0.8875765204429626,0.5560131076550567,0.16709460875243762,0.8503067377537714,0.02197802197802198,0.1340042372881356
5,21,0.34598732848060515,0.8907927870750427,0.5708436161296331,0.1911153475363886,0.853377025516856,0.02197802197802198,0.16366525423728814
5,22,0.34646409619742813,0.8821513056755066,0.5488626839262433,0.15512233969405329,0.8483510663065748,0.02197802197802198,0.11970338983050847
5,23,0.3466106079664853,0.8802651166915894,0.5771995483330229,0.20109440082138397,0.8548845222574035,0.02197802197802198,0.1763771186440678
5,24,0.3439006831339195,0.8986245393753052,0.5692546330787855,0.18859182384331294,0.8545003725088469,0.02197802197802198,0.1604872881355932
5,25,0.34829379935622484,0.8817793130874634,0.5791872322592662,0.2196486357188668,0.8494773235239337,0.04395604395604396,0.20233050847457626
10,1,0.6715945846324596,0.6564913988113403,0.6133503678524865,0.2685994061549537,0.6850932436207859,0.04395604395604396,0.2706567796610169
10,2,0.5943132586382611,0.8442225456237793,0.6133503678524865,0.2685994061549537,0.7158426848575152,0.04395604395604396,0.2706567796610169
10,3,0.5332195052834099,0.8495092391967773,0.6144096898863849,0.2700521287444181,0.7519236589681505,0.04395604395604396,0.2727754237288136
10,4,0.48768748707248655,0.9181283116340637,0.6133503678524865,0.2685994061549537,0.7993777938163532,0.04395604395604396,0.2706567796610169
10,5,0.438030387330298,0.9262885451316833,0.6130855373440119,0.2682356605142673,0.8321236496554292,0.04395604395604396,0.2701271186440678
10,6,0.4016303390564697,0.9282215237617493,0.6130855373440119,0.2682356605142673,0.843886780592289,0.04395604395604396,0.2701271186440678
10,7,0.37907730878774487,0.9388837218284607,0.609907571242317,0.2638528947143711,0.8570177174520395,0.04395604395604396,0.263771186440678
10,8,0.36777539919066454,0.9559444785118103,0.6096427407338425,0.26348616627996224,0.8650091963121623,0.04395604395604396,0.2632415254237288
20,1,0.6778278776900322,0.5536925792694092,0.6329478254796052,0.2949168814947619,0.6798344663810766,0.04395604395604396,0.3098516949152542
20,2,0.618805551769725,0.6604164242744446,0.6551906779661016,0.29818413386006926,0.7534980908921587,0.0,0.3103813559322034
20,3,0.5287414367325732,0.721485435962677,0.755564350903334,0.44192427462143996,0.8069880331532875,0.04395604395604396,0.5550847457627118
20,4,0.4713525433336605,0.6906207203865051,0.786814350903334,0.4779616306954437,0.8403392158688769,0.04395604395604396,0.6175847457627118
20,5,0.39171662845010424,0.729089081287384,0.7915813000558763,0.48355493042470565,0.8806691190165766,0.04395604395604396,0.6271186440677966
20,6,0.36125600586523154,0.7750403881072998,0.8167401983609611,0.513889172724384,0.9133858726019743,0.04395604395604396,0.6774364406779662
20,7,0.31513521849760495,0.8464396595954895,0.8170050288694357,0.5142179182349373,0.9258125349227044,0.04395604395604396,0.6779661016949152
20,8,0.29506857506951,0.8811793327331543,0.802439350903334,0.4964543714668171,0.9307191748929036,0.04395604395604396,0.6488347457627118
20,9,0.2794055413266348,0.9135462045669556,0.8119732492084187,0.5080111025090961,0.9160399981374557,0.04395604395604396,0.6679025423728814
20,10,0.27594842159850075,0.909457802772522,0.8106490966660458,0.506390888983011,0.934223086235798,0.04395604395604396,0.6652542372881356
20,11,0.2639417168034204,0.7525352835655212,0.8395156220897746,0.5432057453780007,0.93572476252561,0.04395604395604396,0.7229872881355932
20,12,0.24963679631953506,0.8648447394371033,0.828657571242317,0.5289422161430046,0.9357946079344386,0.04395604395604396,0.701271186440678
20,13,0.24454826657380596,0.7937539219856262,0.8575240966660458,0.5684182019028614,0.944385593220339,0.04395604395604396,0.7590042372881356
20,14,0.22953334197984618,0.9790042638778687,0.8403101136151984,0.544273735651379,0.9375232818029429,0.04395604395604396,0.7245762711864406
20,15,0.24637887104869624,0.6455838680267334,0.8750029102253678,0.5954916453294512,0.9489080834419819,0.04395604395604396,0.7939618644067796
20,16,0.23220268036005337,0.9621101021766663,0.7950240966660458,0.4876191214156472,0.9268893183088098,0.04395604395604396,0.6340042372881356
20,17,0.25320714647586845,0.9206740856170654,0.8215071475135034,0.5198445077580972,0.9305212795678898,0.04395604395604396,0.6869703389830508
20,18,0.21482014628146381,0.9709107875823975,0.7997910458185882,0.49328512963222804,0.9242351927733284,0.04395604395604396,0.6435381355932204
20,19,0.21890654846126928,0.9569558501243591,0.8657338424287577,0.5807518838674423,0.9465508008940212,0.04395604395604396,0.7754237288135594
20,20,0.21254405509053104,0.9739559888839722,0.8066766390389273,0.501560514174622,0.9356316353138387,0.04395604395604396,0.6573093220338984
40,1,0.6734556996278794,0.5483777523040771,0.6419520627677407,0.3066397278374599,0.6754312953995156,0.04395604395604396,0.3278601694915254
40,2,0.6083489924097945,0.5797008275985718,0.6514859610728255,0.3188236908000602,0.7006920515924753,0.04395604395604396,0.3469279661016949
40,3,0.539975936778457,0.664946436882019,0.7012740966660458,0.3793632405105676,0.7735117107468803,0.04395604395604396,0.4465042372881356
40,4,0.4758705852653512,0.8827406764030457,0.6856490966660458,0.3608373034472948,0.7960659573477371,0.04395604395604396,0.4152542372881356
40,5,0.4493744290851119,0.8890195488929749,0.7049817237846899,0.383710024940267,0.8219669631216241,0.04395604395604396,0.4539194915254237
40,6,0.4114786349241,0.8207980990409851,0.7439118085304526,0.42860598682773043,0.8508480396721922,0.04395604395604396,0.5317796610169492
40,7,0.3896067078963372,0.7433422207832336,0.7613906220897746,0.4485918013715904,0.8632747019929223,0.04395604395604396,0.5667372881355932
40,8,0.3710970323951224,0.768303632736206,0.7640389271745205,0.4516269495685219,0.8714233330229092,0.04395604395604396,0.5720338983050848
40,9,0.36328664758856655,0.7663832902908325,0.7743673170050289,0.4635063899808411,0.8749097830135966,0.04395604395604396,0.5926906779661016
40,10,0.34366536993873503,0.8911493420600891,0.7674817237846899,0.4555783370432154,0.8827324688023841,0.04395604395604396,0.5789194915254238
40,11,0.34062472745965006,0.6146962642669678,0.8273334186999441,0.5272413228122705,0.8917832696964054,0.04395604395604396,0.6986228813559322
40,12,0.31931484191657583,0.9099493026733398,0.7793990966660458,0.46932755775577556,0.8905900772955857,0.04395604395604396,0.6027542372881356
40,13,0.3291158129058744,0.9059707522392273,0.7653630797168933,0.4531458819347926,0.8907355885639784,0.04395604395604396,0.5746822033898306
40,14,0.319168056620106,0.7320206165313721,0.7987317237846899,0.49202186904580175,0.9025976671633451,0.04395604395604396,0.6414194915254238
40,15,0.2953968390202672,0.8280253410339355,0.7971427407338425,0.4901315086309219,0.9027024352765878,0.04395604395604396,0.6382415254237288
40,16,0.2828647347967428,0.9217091798782349,0.7828418932762153,0.473327120022842,0.9034008893648724,0.04395604395604396,0.6096398305084746
60,1,0.6726913002386107,0.6450203061103821,0.606199944123673,0.2586973825911879,0.7107381495623022,0.04395604395604396,0.2563559322033898
60,2,0.6242476363333387,0.6605003476142883,0.6242084186999441,0.28332291952686006,0.749129842615012,0.04395604395604396,0.2923728813559322
60,3,0.5701051127299913,0.7045170068740845,0.6702889271745204,0.34223629750407625,0.7802692540510336,0.04395604395604396,0.3845338983050847
60,4,0.5155223654110022,0.8137977123260498,0.7010092661575713,0.37905209633231496,0.8052506286086794,0.04395604395604396,0.4459745762711864
60,5,0.4653014600128468,0.8693503141403198,0.7846957068355374,0.47548710912110925,0.8608883171912833,0.04395604395604396,0.6133474576271186
60,6,0.45496063869977893,0.9589937329292297,0.6830007915813001,0.3576600419454709,0.8202324688023841,0.04395604395604396,0.4099576271186441
60,7,0.42403737671465913,0.8994367718696594,0.7809211445334328,0.4658148977089964,0.8770284270813932,0.03296703296703297,0.5948093220338984
60,8,0.3993771305199009,0.8167465925216675,0.82011605978767,0.512513548132821,0.8958226625069845,0.03296703296703297,0.6731991525423728
60,9,0.3892939790871915,0.7052463889122009,0.8330927547029242,0.5288914403591737,0.9040644207487427,0.03296703296703297,0.6991525423728814
60,10,0.3669275222407717,0.6651460528373718,0.8526902123300428,0.5551109211350617,0.9100420236543117,0.03296703296703297,0.7383474576271186
60,11,0.34057408968263286,0.710730791091919,0.8498440119202831,0.557390813363447,0.916310649096666,0.04395604395604396,0.7436440677966102
60,12,0.3132651031185149,0.7766661643981934,0.8456067237846899,0.5514893157781136,0.923295189979512,0.04395604395604396,0.7351694915254238
60,13,0.3024976273651024,0.6739022731781006,0.8554054525982493,0.565330493834767,0.9308501350344571,0.04395604395604396,0.7547669491525424
60,14,0.2867891634064481,0.8128950595855713,0.8450770627677407,0.5507599684168969,0.9221776634382568,0.04395604395604396,0.7341101694915254
60,15,0.2892700967053209,0.9185711741447449,0.8355431644626561,0.537918003577349,0.9139475460979698,0.04395604395604396,0.715042372881356
60,16,0.28986944066965603,0.6555290818214417,0.8575240966660458,0.5684182019028614,0.9328581905382753,0.04395604395604396,0.7590042372881356
60,17,0.28125824755144235,0.7909325957298279,0.8474605373440119,0.5540563761772996,0.9331026494691749,0.04395604395604396,0.7388771186440678
60,18,0.26017185550097927,0.6501121520996094,0.8797698593779102,0.6034684786494124,0.941070846526355,0.04395604395604396,0.8034957627118644
60,19,0.2487979640613898,0.8732093572616577,0.8538164695474018,0.5630381982777655,0.9280504982305828,0.04395604395604396,0.7515889830508474
60,20,0.24127636366274355,0.8223970532417297,0.8585834186999441,0.5699759448809685,0.9405062628049915,0.04395604395604396,0.7611228813559322
60,21,0.22758840841912867,0.7884137034416199,0.8694414695474018,0.5865348513292558,0.9428810067051593,0.04395604395604396,0.7828389830508474
60,22,0.22779359881286307,0.7645713090896606,0.8622910458185882,0.5755046949213135,0.9469495017694171,0.04395604395604396,0.7685381355932204
60,23,0.22054659449743008,0.9202656745910645,0.8453418932762153,0.5511244178489347,0.9324623998882473,0.04395604395604396,0.7346398305084746
80,1,0.6708926461434476,0.6214696764945984,0.49550079158130006,0.07720786516853932,0.7108720199292233,0.04395604395604396,0.034957627118644065
80,2,0.585046139186141,0.7823570966720581,0.5595897746321475,0.18948805460750856,0.7563530219780221,0.04395604395604396,0.163135593220339
80,3,0.5291183536113129,0.7914524674415588,0.5791202970758056,0.21188460329127787,0.7740733842428759,0.03296703296703297,0.19120762711864406
80,4,0.4985176732322447,0.8738275170326233,0.5738906220897746,0.21165970981166504,0.8011879539951574,0.04395604395604396,0.1917372881355932
80,5,0.5008978948398954,0.8267306089401245,0.6302995203948594,0.2914267118723692,0.8130442121437884,0.04395604395604396,0.3045550847457627
80,6,0.4505959927194893,0.8229700922966003,0.7280219780219781,0.410403294540024,0.850001164090147,0.04395604395604396,0.5
80,7,0.4207065478572476,0.7293265461921692,0.7767507915813001,0.46626046682387495,0.8797262059973924,0.04395604395604396,0.597457627118644
80,8,0.40887058943390625,0.7535826563835144,0.7791342661575713,0.4690204947438486,0.8835473319053826,0.04395604395604396,0.6022245762711864
80,9,0.3810035077380705,0.7305843234062195,0.7876088424287577,0.47889130598674223,0.894946684671261,0.04395604395604396,0.6191737288135594
80,10,0.37450309149250366,0.810745120048523,0.8069414695474018,0.501881184131449,0.8934799310858632,0.04395604395604396,0.6578389830508474
80,11,0.3496829775209147,0.8517402410507202,0.7833715542931645,0.47394378229442624,0.8985204414229837,0.04395604395604396,0.6106991525423728
80,12,0.3434015094255892,0.8169422149658203,0.7921109610728255,0.48417877606474097,0.8993935090333396,0.04395604395604396,0.628177966101695
80,13,0.3213422270107409,0.7342666387557983,0.8191236729372322,0.516856639342937,0.9131530545725463,0.04395604395604396,0.6822033898305084
80,14,0.3203515226502957,0.7521840333938599,0.8376618085304526,0.5407275097783573,0.9163252002235054,0.04395604395604396,0.7192796610169492
80,15,0.295451998947876,0.7791283130645752,0.8487846898863849,0.5559040206670827,0.917320497299311,0.04395604395604396,0.7415254237288136
80,16,0.2721624535005219,0.8577068448066711,0.844282571242317,0.5496692857063025,0.9144684764388153,0.04395604395604396,0.732521186440678
80,17,0.28491289975144013,0.8296248912811279,0.8564647746321475,0.5668697887048642,0.9279661016949153,0.04395604395604396,0.756885593220339
80,18,0.25283427751620774,0.9783012270927429,0.7600664695474018,0.4470754135955353,0.9115233283665486,0.04395604395604396,0.5640889830508474
80,19,0.2576560067979432,0.962548017501831,0.7809880797168933,0.4711716809707944,0.91070846526355,0.04395604395604396,0.6059322033898306
80,20,0.25004809475740397,0.988504946231842,0.7364965542931645,0.4201233477921513,0.9000104768113242,0.04395604395604396,0.5169491525423728
80,21,0.2651777170492796,0.974760115146637,0.7809880797168933,0.4711716809707944,0.9287926056993854,0.04395604395604396,0.6059322033898306
80,22,0.23838257635968305,0.9686569571495056,0.8119732492084187,0.5080111025090961,0.915719873346992,0.04395604395604396,0.6679025423728814
100,1,0.6777023656402082,0.5667148232460022,0.6663164695474018,0.33735301163998965,0.7509720152728627,0.04395604395604396,0.3765889830508475
100,2,0.5959749719609965,0.575995922088623,0.7489435881914696,0.43435662729065283,0.7883567703482958,0.04395604395604396,0.541843220338983
100,3,0.5187292900801893,0.6092265248298645,0.7677465542931645,0.4558825961482805,0.8233522303967219,0.04395604395604396,0.5794491525423728
100,4,0.4721748520761686,0.599472165107727,0.7793990966660458,0.46932755775577556,0.8533653846153846,0.04395604395604396,0.6027542372881356
100,5,0.46083427727913195,0.8620114326477051,0.7857550288694357,0.47672354840018316,0.870896582231328,0.04395604395604396,0.6154661016949152
100,6,0.411798406729238,0.8247541189193726,0.7820474017507917,0.4724028207774338,0.8602684391879306,0.04395604395604396,0.6080508474576272
100,7,0.40486178323053584,0.9640170335769653,0.7478842661575713,0.43314608455822645,0.8588598901098902,0.04395604395604396,0.5397245762711864
100,8,0.40545087848106803,0.792921781539917,0.7865495203948594,0.4776519528877339,0.8918036412739802,0.04395604395604396,0.6170550847457628
100,9,0.37406473161791276,0.8513420820236206,0.793699944123673,0.48605335873943023,0.8911401098901099,0.04395604395604396,0.6313559322033898
100,10,0.35901893496991083,0.7356016039848328,0.7982020627677407,0.49139115360460756,0.8913438256658596,0.04395604395604396,0.6403601694915254
100,11,0.3657701659096704,0.9427474141120911,0.7839012153101137,0.4745608229937348,0.8868038740920097,0.04395604395604396,0.6117584745762712
100,12,0.3423089898624826,0.812572717666626,0.8199181644626561,0.5178502731243603,0.9021407617805922,0.04395604395604396,0.683792372881356
100,13,0.3241664974950355,0.8407497406005859,0.7997910458185882,0.49328512963222804,0.9091718662693239,0.04395604395604396,0.6435381355932204
100,14,0.31479816497192087,0.8726696968078613,0.8283927407338425,0.5286014204111363,0.9136710746880239,0.04395604395604396,0.7007415254237288
100,15,0.3096207572704248,0.9246136546134949,0.797407571242317,0.4904461993484168,0.9091485844663811,0.04395604395604396,0.638771186440678
100,16,0.31755980876056833,0.8529783487319946,0.8207126559880797,0.5188462151446256,0.9204286179921772,0.04395604395604396,0.6853813559322034
100,17,0.2906023284201889,0.8672667145729065,0.8193885034457069,0.5171875967223343,0.8894929223319054,0.04395604395604396,0.6827330508474576
100,18,0.2852013811838662,0.8887864351272583,0.824949944123673,0.5241986655165918,0.9265750139690817,0.04395604395604396,0.6938559322033898
100,19,0.2624800276629757,0.8932327628135681,0.8289224017507917,0.5292833240414347,0.9272909294095736,0.04395604395604396,0.7018008474576272
100,20,0.2603133418885262,0.8997839093208313,0.8490495203948594,0.5562749874991152,0.9308763270627677,0.04395604395604396,0.7420550847457628
100,21,0.27672421132612496,0.8983209133148193,0.8453418932762153,0.5511244178489347,0.9304572546097971,0.04395604395604396,0.7346398305084746
100,22,0.23961146239933284,0.8576644659042358,0.8400452831067238,0.5439173395035471,0.9315398584466382,0.04395604395604396,0.7240466101694916
100,23,0.2497112636290895,0.9466343522071838,0.8453418932762153,0.5511244178489347,0.9251839262432482,0.04395604395604396,0.7346398305084746
100,24,0.26484902943380084,0.9091635942459106,0.8445474017507917,0.5500324048711145,0.9246950083814491,0.04395604395604396,0.7330508474576272
100,25,0.2628106686136233,0.9280049800872803,0.8299817237846899,0.5306509140953807,0.9253177966101694,0.04395604395604396,0.7039194915254238
