prefix_calls,model,C,threshold,training_seconds,inference_ms_per_sample,accuracy,balanced_accuracy,macro_f1,benign_precision,benign_recall_specificity,benign_f1,malware_precision,malware_recall,malware_f1,false_positive_rate,false_negative_rate,roc_auc,malware_pr_auc,benign_pr_auc,brier_score,tn,fp,fn,tp,test_benign,test_malware,balanced_accuracy_ci_low,balanced_accuracy_ci_high,macro_f1_ci_low,macro_f1_ci_high,roc_auc_ci_low,roc_auc_ci_high
5,Frequency,10.0,0.873492151193142,0.017761511029675603,7.209602645501878e-05,0.1510864072764022,0.5393395313472039,0.14790096878363834,0.050396375990939976,0.967391304347826,0.09580193756727665,0.9859154929577465,0.11128775834658187,0.2,0.03260869565217391,0.8887122416534181,0.7989648856017142,0.9848125653737041,0.31262881890539185,0.13933941636363215,89,3,1677,210,92,1887,0.5177323823183798,0.5570983387479551,0.13540429604342333,0.15990651001781633,0.7478048460864956,0.8455263127577705
5,Order-aware 1-2 gram,10.0,0.8833408395821079,0.36210532602854073,8.194238613837293e-05,0.25063163213744316,0.5863689776733255,0.23051246696089528,0.05615826419910657,0.9565217391304348,0.10608800482218204,0.9902912621359223,0.21621621621621623,0.3549369290996085,0.043478260869565216,0.7837837837837838,0.8568379760835003,0.9886948623507477,0.5005215333931721,0.08728465614654775,88,4,1479,408,92,1887,0.561185226146863,0.6066511284302204,0.21653217935128646,0.2442748767350068,0.807458929517753,0.9001225490196079
10,Frequency,10.0,0.8691638189698179,0.019376431009732187,7.546789418979388e-05,0.16018191005558363,0.5596184419713831,0.15637157736629567,0.052451539338654506,1.0,0.09967497291440953,1.0,0.1192368839427663,0.21306818181818182,0.0,0.8807631160572337,0.7704171562867215,0.9832878068232448,0.21814747179754043,0.15054917468757856,92,0,1662,225,92,1887,0.5521992580816111,0.5670376258611552,0.14362259999959032,0.16882935957147116,0.7142266307227944,0.8168145607244073
10,Order-aware 1-2 gram,10.0,0.9105769978871117,0.23399428301490843,8.849364513848514e-05,0.31278423446184944,0.6137905808621921,0.27618641916342873,0.060332871012482664,0.9456521739130435,0.11342894393741851,0.9906890130353817,0.28192898781134074,0.4389438943894389,0.05434782608695652,0.7180710121886592,0.8663769267989216,0.9899485731057359,0.4987644942530464,0.08314851919578016,87,5,1355,532,92,1887,0.5878020523720652,0.6381794198290361,0.26247134218518436,0.29008479000433823,0.8183965375221769,0.9069944384922006
20,Frequency,1.0,0.6853889934414078,0.013407811056822538,7.970490600648343e-05,0.572511369378474,0.7603252229211308,0.4427422833588957,0.09549356223175966,0.967391304347826,0.173828125,0.997134670487106,0.5532591414944356,0.7116564417177914,0.03260869565217391,0.4467408585055644,0.8529526969424668,0.9903923450631,0.19976986624147094,0.16044658710039644,89,3,843,1044,92,1887,0.7375131045367619,0.7795508744038155,0.42977635230663297,0.45616219624182786,0.8118904950346766,0.8867158878827678
20,Order-aware 1-2 gram,1.0,0.6944416321306777,0.5107261480297893,0.00010267354899988204,0.741788782213239,0.8180715882122531,0.5447271047618962,0.14188034188034188,0.9021739130434783,0.24519940915805022,0.9935437589670014,0.7339692633810281,0.8442548003657422,0.09782608695652174,0.2660307366189719,0.9191406880025805,0.9954736255336987,0.4558676859653748,0.09450834366888386,83,9,502,1385,92,1887,0.7851879132969287,0.8472332866754223,0.5297018181899396,0.5603894753178777,0.893974865210479,0.9393766128660629
40,Frequency,10.0,0.8023828386907721,0.02872687892522663,8.483323917553363e-05,0.4477008590197069,0.6948774221792124,0.36663692687084737,0.07548770144189991,0.967391304347826,0.14004720692368214,0.99625,0.42236354001059884,0.5932266468180126,0.03260869565217391,0.5776364599894012,0.8805586276813897,0.9928533506533859,0.24825857135902765,0.1307754918220971,89,3,1090,797,92,1887,0.6728624484458884,0.7151507165733508,0.35307599404650325,0.3800970509892959,0.8478449517292228,0.9098270345153338
40,Order-aware 1-2 gram,10.0,0.7341996281901376,0.25408772099763155,0.00015872102626093474,0.8206164729661445,0.8697466648233911,0.610200712967972,0.19630484988452657,0.9239130434782609,0.3238095238095238,0.9954721862871928,0.8155802861685215,0.89659190212642,0.07608695652173914,0.18441971383147854,0.9461360337319417,0.9970898835021671,0.5958331562542428,0.06434423568982633,85,7,348,1539,92,1887,0.8393808610400681,0.8956022038662704,0.5926618446114335,0.6278779859321679,0.9262444989746779,0.9619784826386489
60,Frequency,10.0,0.7810396834148762,0.03294623701367527,9.873525219291314e-05,0.6452753916119253,0.7933112140273266,0.48626675147176285,0.11195928753180662,0.9565217391304348,0.20045558086560364,0.9966471081307627,0.6301006889242183,0.772077922077922,0.043478260869565216,0.36989931107578167,0.8788795189050944,0.9901864968922094,0.278014857679096,0.11769713366470193,88,4,698,1189,92,1887,0.7661362929425588,0.8146576403769499,0.47364388484525066,0.4998877833753812,0.8352856212990484,0.9143711406419207
60,Order-aware 1-2 gram,10.0,0.6834559324159818,0.7433393589453772,0.0001732000569093402,0.8575037897928247,0.8529008548190133,0.6380253735990038,0.2254335260115607,0.8478260869565217,0.3561643835616438,0.9914268218003675,0.8579756226815051,0.9198863636363637,0.15217391304347827,0.14202437731849496,0.947800741918389,0.9972356351177178,0.5990493708859456,0.057545694073582974,78,14,268,1619,92,1887,0.8096743162599941,0.8876359415681666,0.6153201156809915,0.660723933378185,0.9297440583166287,0.9627963641390751
80,Frequency,10.0,0.6358036388590975,0.03827411506790668,9.927638637456344e-05,0.7604850934815564,0.8382151332918597,0.5604727918823587,0.1539855072463768,0.9239130434782609,0.2639751552795031,0.9950946040644709,0.7525172231054584,0.8569704284852142,0.07608695652173914,0.2474827768945416,0.9106068984585609,0.9948024930226245,0.304037479984102,0.1120655362572187,85,7,467,1420,92,1887,0.8075867347526555,0.8634055090896523,0.545074730343022,0.5765459127065125,0.8815647968940808,0.9343189097025414
80,Order-aware 1-2 gram,10.0,0.727399705929346,1.0799904479645193,0.00018815010194979636,0.8660939868620515,0.9039336651229235,0.6605249342812626,0.2507204610951009,0.9456521739130435,0.39635535307517084,0.9969362745098039,0.8622151563328034,0.9246945154873544,0.05434782608695652,0.13778484366719662,0.964816478882975,0.9981276967490147,0.6506411624676115,0.05129828273585741,87,5,260,1627,92,1887,0.8783463370659662,0.9269976498237368,0.6408065311570144,0.6808628963110172,0.9495773426879566,0.9771379115688578
100,Frequency,10.0,0.5697096814187369,0.04005335399415344,9.931732880204782e-05,0.8014148559878727,0.8648475841570471,0.5942990383637317,0.18181818181818182,0.9347826086956522,0.30442477876106194,0.9960159362549801,0.794912559618442,0.8841732979664014,0.06521739130434782,0.20508744038155802,0.9205548259256698,0.9957179208181077,0.3176847670712633,0.1127433292378761,86,6,387,1500,92,1887,0.8354175307020575,0.890054448630216,0.578093830427054,0.6125204929759993,0.8967450346766204,0.9394597762724362
100,Order-aware 1-2 gram,10.0,0.7927206731091919,0.9167504220968112,0.0002757271308453773,0.8322385042950985,0.8965202414690905,0.626365952413448,0.21291866028708134,0.967391304347826,0.34901960784313724,0.9980781550288277,0.825649178590355,0.9037122969837587,0.03260869565217391,0.17435082140964495,0.9640215663233566,0.9980632336799442,0.6342599311464726,0.05004334389712248,89,3,329,1558,92,1887,0.8741060833851755,0.915474297827239,0.6094164949891178,0.6445507833873354,0.947042118845188,0.9773056784405887
